{
  "statistics": {
    "min": 1.5630640342382974e-18,
    "max": 2.5969813134085325e-18,
    "mean": 1.7338271019582791e-18,
    "median": 1.6500585593715667e-18,
    "geometric_mean": 1.7233943724525032e-18,
    "std_dev": 2.0358307530486993e-19,
    "count": 194
  },
  "normal_timesteps": 194,
  "problematic_timesteps": 7
}