{
  "statistics": {
    "min": 1.6315202744188655e-18,
    "max": 2.595641919014305e-18,
    "mean": 1.812461949873813e-18,
    "median": 1.74402270625752e-18,
    "geometric_mean": 1.8037601857949504e-18,
    "std_dev": 1.8757794010807305e-19,
    "count": 126
  },
  "normal_timesteps": 126,
  "problematic_timesteps": 8
}