{
  "statistics": {
    "min": 1.5357506436385732e-18,
    "max": 2.5979389700184932e-18,
    "mean": 1.700786311571026e-18,
    "median": 1.6239225964654878e-18,
    "geometric_mean": 1.690024599801316e-18,
    "std_dev": 2.0616783370022396e-19,
    "count": 195
  },
  "normal_timesteps": 195,
  "problematic_timesteps": 6
}